query#	max total score	percentage	max score	percentage
   1	     312937.0550733595	  0.031294	 312937.0550733595	0.031294
   2	     626501.2385135996	  0.062650	 313564.1834402400	0.031356
   3	     940693.8070909944	  0.094069	 314192.5685773948	0.031419
   4	    1255516.0200943961	  0.125552	 314822.2130034016	0.031482
   5	    1570969.1393362815	  0.157097	 315453.1192418854	0.031545
   6	    1887054.4291578098	  0.188705	 316085.2898215285	0.031609
   7	    2203773.1564338906	  0.220377	 316718.7272760806	0.031672
   8	    2521126.5905782599	  0.252113	 317353.4341443694	0.031735
   9	    2839116.0035485700	  0.283912	 317989.4129703100	0.031799
  10	    3157742.6698514856	  0.315774	 318626.6663029158	0.031863
  11	    3477007.8665477941	  0.347701	 319265.1966963085	0.031927
  12	    3796912.8732575220	  0.379691	 319905.0067097279	0.031991
  13	    4117458.9721650649	  0.411746	 320546.0989075430	0.032055
  14	    4438647.4480243260	  0.443865	 321188.4758592615	0.032119
  15	    4760479.5881638667	  0.476048	 321832.1401395406	0.032183
  16	    5082956.6824920634	  0.508296	 322477.0943281970	0.032248
  17	    5406080.0235022809	  0.540608	 323123.3410102174	0.032312
  18	    5729850.9062780496	  0.572985	 323770.8827757689	0.032377
  19	    6054270.6284982590	  0.605427	 324419.7222202094	0.032442
  20	    6379340.4904423561	  0.637934	 325069.8619440976	0.032507
  21	    6705061.7949955603	  0.670506	 325721.3045532039	0.032572
  22	    7031435.8476540809	  0.703144	 326374.0526585209	0.032637
  23	    7358463.9565303549	  0.735846	 327028.1088762735	0.032703
  24	    7686147.4323582845	  0.768615	 327683.4758279294	0.032768
  25	    8014487.5884984946	  0.801449	 328340.1561402098	0.032834
  26	    8343485.7409435948	  0.834349	 328998.1524451000	0.032900
  27	    8673143.2083234545	  0.867314	 329657.4673798597	0.032966
  28	    9003461.3119104877	  0.900346	 330318.1035870338	0.033032
  29	    9334441.3756249510	  0.933444	 330980.0637144627	0.033098
  30	    9666084.7260402441	  0.966609	 331643.3504152932	0.033164
  31	    9998392.6923882328	  0.999839	 332307.9663479893	0.033231
  32	   10331366.6065645739	  1.033137	 332973.9141763420	0.033297
  33	   10665007.8031340539	  1.066501	 333641.1965694809	0.033364
  34	   10999317.6193359382	  1.099932	 334309.8162018846	0.033431
  35	   11334297.3950893302	  1.133430	 334979.7757533914	0.033498
  36	   11669948.4729985408	  1.166995	 335651.0779092099	0.033565
  37	   12006272.1983584706	  1.200627	 336323.7253599297	0.033632
  38	   12343269.9191600028	  1.234327	 336997.7208015329	0.033700
  39	   12680942.9860954061	  1.268094	 337673.0669354036	0.033767
  40	   13019292.7525637466	  1.301929	 338349.7664683403	0.033835
  41	   13358320.5746763125	  1.335832	 339027.8221125655	0.033903
  42	   13698027.8112620488	  1.369803	 339707.2365857369	0.033971
  43	   14038415.8238730077	  1.403842	 340388.0126109589	0.034039
  44	   14379485.9767898005	  1.437949	 341070.1529167925	0.034107
  45	   14721239.6370270681	  1.472124	 341753.6602372670	0.034175
  46	   15063678.1743389592	  1.506368	 342438.5373118908	0.034244
  47	   15406802.9612246212	  1.540680	 343124.7868856622	0.034312
  48	   15750615.3729337007	  1.575062	 343812.4117090803	0.034381
  49	   16095116.7874718569	  1.609512	 344501.4145381566	0.034450
  50	   16440308.5856062826	  1.644031	 345191.7981344255	0.034519
  51	   16786192.1508712396	  1.678619	 345883.5652649554	0.034588
  52	   17132768.8695736006	  1.713277	 346576.7187023601	0.034658
  53	   17480040.1307984106	  1.748004	 347271.2612248097	0.034727
  54	   17828007.3264144510	  1.782801	 347967.1956160418	0.034797
  55	   18176671.8510798253	  1.817667	 348664.5246653726	0.034866
  56	   18526035.1022475325	  1.852604	 349363.2511677080	0.034936
  57	   18876098.4801710881	  1.887610	 350063.3779235551	0.035006
  58	   19226863.3879101202	  1.922687	 350764.9077390332	0.035076
  59	   19578331.2313360050	  1.957833	 351467.8434258850	0.035147
  60	   19930503.4191374928	  1.993051	 352172.1878014880	0.035217
  61	   20283381.3628263585	  2.028338	 352877.9436888657	0.035288
  62	   20636966.4767430574	  2.063697	 353585.1139166991	0.035359
  63	   20991260.1780623943	  2.099126	 354293.7013193378	0.035429
  64	   21346263.8867992051	  2.134627	 355003.7087368114	0.035500
  65	   21701979.0258140452	  2.170198	 355715.1390148411	0.035572
  66	   22058407.0208188966	  2.205841	 356427.9950048508	0.035643
  67	   22415549.3003828749	  2.241555	 357142.2795639788	0.035714
  68	   22773407.2959379628	  2.277341	 357857.9955550889	0.035786
  69	   23131982.4417847469	  2.313198	 358575.1458467825	0.035858
  70	   23491276.1750981547	  2.349128	 359293.7333134094	0.035929
  71	   23851289.9359332360	  2.385129	 360013.7608350795	0.036001
  72	   24212025.1672309116	  2.421203	 360735.2312976749	0.036074
  73	   24573483.3148237728	  2.457349	 361458.1475928606	0.036146
  74	   24935665.8274418712	  2.493567	 362182.5126180967	0.036218
  75	   25298574.1567185223	  2.529858	 362908.3292766500	0.036291
  76	   25662209.7571961284	  2.566221	 363635.6004776052	0.036364
  77	   26026574.0863320045	  2.602658	 364364.3291358770	0.036436
  78	   26391668.6045042276	  2.639167	 365094.5181722214	0.036509
  79	   26757494.7750174738	  2.675750	 365826.1705132479	0.036583
  80	   27124054.0641089045	  2.712406	 366559.2890914308	0.036656
  81	   27491347.9409540258	  2.749135	 367293.8768451210	0.036729
  82	   27859377.8776725829	  2.785938	 368029.9367185581	0.036803
  83	   28228145.3493344635	  2.822815	 368767.4716618819	0.036877
  84	   28597651.8339656070	  2.859765	 369506.4846311442	0.036951
  85	   28967898.8125539273	  2.896790	 370246.9785883208	0.037025
  86	   29338887.7690552510	  2.933889	 370988.9565013234	0.037099
  87	   29710620.1903992631	  2.971062	 371732.4213440115	0.037173
  88	   30083097.5664954670	  3.008310	 372477.3760962039	0.037248
  89	   30456321.3902391568	  3.045632	 373223.8237436913	0.037322
  90	   30830293.1575174034	  3.083030	 373971.7672782478	0.037397
  91	   31205014.3672150448	  3.120502	 374721.2096976431	0.037472
  92	   31580486.5212206990	  3.158049	 375472.1540056543	0.037547
  93	   31956711.1244327761	  3.195671	 376224.6032120785	0.037622
  94	   32333689.6847655214	  3.233369	 376978.5603327440	0.037698
  95	   32711423.7131550461	  3.271143	 377734.0283895230	0.037773
  96	   33089914.7235653885	  3.308992	 378491.0104103438	0.037849
  97	   33469164.2329945900	  3.346917	 379249.5094292022	0.037925
  98	   33849173.7614807636	  3.384918	 380009.5284861745	0.038001
  99	   34229944.8321081921	  3.422995	 380771.0706274294	0.038077
 100	   34611478.9710134342	  3.461148	 381534.1389052399	0.038153
 101	   34993777.7073914334	  3.499378	 382298.7363779959	0.038230
 102	   35376842.5735016465	  3.537685	 383064.8661102163	0.038306
 103	   35760675.1046742052	  3.576068	 383832.5311725614	0.038383
 104	   36145276.8393160477	  3.614528	 384601.7346418451	0.038460
 105	   36530649.3189170957	  3.653065	 385372.4796010472	0.038537
 106	   36916794.0880564228	  3.691680	 386144.7691393259	0.038614
 107	   37303712.6944084540	  3.730372	 386918.6063520300	0.038692
 108	   37691406.6887491643	  3.769141	 387693.9943407113	0.038769
 109	   38079877.6249623001	  3.807988	 388470.9362131376	0.038847
 110	   38469127.0600456074	  3.846913	 389249.4350833042	0.038925
 111	   38859156.5541170537	  3.885916	 390029.4940714471	0.039003
 112	   39249967.6704211086	  3.924997	 390811.1163040553	0.039081
 113	   39641561.9753349945	  3.964157	 391594.3049138830	0.039159
 114	   40033941.0383749604	  4.003394	 392379.0630399630	0.039238
 115	   40427106.4322025776	  4.042711	 393165.3938276182	0.039317
 116	   40821059.7326310501	  4.082106	 393953.3004284751	0.039395
 117	   41215802.5186315253	  4.121581	 394742.7860004760	0.039474
 118	   41611336.3723394200	  4.161134	 395533.8537078919	0.039553
 119	   42007662.8790607527	  4.200767	 396326.5067213345	0.039633
 120	   42404783.6272785217	  4.240479	 397120.7482177701	0.039712
 121	   42802700.2086590528	  4.280270	 397916.5813805312	0.039792
 122	   43201414.2180583850	  4.320142	 398714.0093993298	0.039871
 123	   43600927.2535286546	  4.360093	 399513.0354702703	0.039951
 124	   44001240.9163245186	  4.400124	 400313.6627958621	0.040031
 125	   44402356.8109095544	  4.440236	 401115.8945850321	0.040112
 126	   44804276.5449626893	  4.480428	 401919.7340531384	0.040192
 127	   45207001.7293846682	  4.520701	 402725.1844219824	0.040273
 128	   45610533.9783044904	  4.561054	 403532.2489198220	0.040353
 129	   46014874.9090858772	  4.601488	 404340.9307813848	0.040434
 130	   46420026.1423337609	  4.642003	 405151.2332478805	0.040515
 131	   46825989.3019007742	  4.682599	 405963.1595670145	0.040596
 132	   47232766.0148937777	  4.723277	 406776.7129930005	0.040678
 133	   47640357.9116803482	  4.764036	 407591.8967865736	0.040759
 134	   48048766.6258953512	  4.804877	 408408.7142150037	0.040841
 135	   48457993.7944474593	  4.845800	 409227.1685521079	0.040923
 136	   48868041.0575257242	  4.886805	 410047.2630782644	0.041005
 137	   49278910.0586061478	  4.927891	 410869.0010804253	0.041087
 138	   49690602.4444582760	  4.969061	 411692.3858521296	0.041169
 139	   50103119.8651517928	  5.010312	 412517.4206935166	0.041252
 140	   50516463.9740631357	  5.051647	 413344.1089113393	0.041334
 141	   50930636.4278821126	  5.093064	 414172.4538189773	0.041417
 142	   51345638.8866185620	  5.134564	 415002.4587364502	0.041500
 143	   51761473.0136089921	  5.176148	 415834.1269904311	0.041583
 144	   52178140.4755232483	  5.217815	 416667.4619142596	0.041667
 145	   52595642.9423712045	  5.259565	 417502.4668479555	0.041750
 146	   53013982.0875094384	  5.301399	 418339.1451382320	0.041834
 147	   53433159.5876479447	  5.343316	 419177.5001385090	0.041918
 148	   53853177.1228568703	  5.385318	 420017.5352089268	0.042002
 149	   54274036.3765732273	  5.427404	 420859.2537163595	0.042086
 150	   54695739.0356076583	  5.469574	 421702.6590344284	0.042170
 151	   55118286.7901511714	  5.511829	 422547.7545435154	0.042255
 152	   55541681.3337819502	  5.554169	 423394.5436307770	0.042339
 153	   55965924.3634721041	  5.596593	 424243.0296901573	0.042424
 154	   56391017.5795945078	  5.639102	 425093.2161224021	0.042509
 155	   56816962.6859295815	  5.681697	 425945.1063350723	0.042595
 156	   57243761.3896721378	  5.724377	 426798.7037425574	0.042680
 157	   57671415.4014382288	  5.767142	 427654.0117660895	0.042765
 158	   58099926.4352719858	  5.809993	 428511.0338337571	0.042851
 159	   58529296.2086525038	  5.852930	 429369.7733805181	0.042937
 160	   58959526.4425007179	  5.895953	 430230.2338482146	0.043023
 161	   59390618.8611863032	  5.939062	 431092.4186855857	0.043109
 162	   59822575.1925345883	  5.982258	 431956.3313482823	0.043196
 163	   60255397.1678334698	  6.025540	 432821.9752988801	0.043282
 164	   60689086.5218403637	  6.068909	 433689.3540068939	0.043369
 165	   61123644.9927891567	  6.112365	 434558.4709487915	0.043456
 166	   61559074.3223971650	  6.155908	 435429.3296080075	0.043543
 167	   61995376.2558721229	  6.199538	 436301.9334749574	0.043630
 168	   62432552.5419191718	  6.243256	 437176.2860470515	0.043718
 169	   62870604.9327478781	  6.287061	 438052.3908287089	0.043805
 170	   63309535.1840792522	  6.330954	 438930.2513313716	0.043893
 171	   63749345.0551527739	  6.374935	 439809.8710735186	0.043981
 172	   64190036.3087334558	  6.419004	 440691.2535806800	0.044069
 173	   64631610.7111189067	  6.463162	 441574.4023854509	0.044157
 174	   65074070.0321464092	  6.507408	 442459.3210275059	0.044246
 175	   65517416.0452000201	  6.551742	 443346.0130536131	0.044335
 176	   65961650.5272176713	  6.596166	 444234.4820176484	0.044423
 177	   66406775.2586982846	  6.640678	 445124.7314806096	0.044512
 178	   66852792.0237089172	  6.685280	 446016.7650106309	0.044602
 179	   67299702.6098919213	  6.729971	 446910.5861829969	0.044691
 180	   67747508.8084720820	  6.774751	 447806.1985801572	0.044781
 181	   68196212.4142638296	  6.819622	 448703.6057917407	0.044870
 182	   68645815.2256783992	  6.864582	 449602.8114145698	0.044960
 183	   69096319.0447310805	  6.909633	 450503.8190526752	0.045050
 184	   69547725.6770483851	  6.954773	 451406.6323173097	0.045141
 185	   70000036.9318753481	  7.000004	 452311.2548269637	0.045231
 186	   70453254.6220827252	  7.045326	 453217.6902073784	0.045322
 187	   70907380.5641742796	  7.090739	 454125.9420915616	0.045413
 188	   71362416.5782940835	  7.136242	 455036.0141198012	0.045504
 189	   71818364.4882337600	  7.181837	 455947.9099396805	0.045595
 190	   72275226.1214398593	  7.227523	 456861.6332060927	0.045686
 191	   72733003.3090211153	  7.273301	 457777.1875812552	0.045778
 192	   73191697.8857558370	  7.319170	 458694.5767347247	0.045869
 193	   73651311.6900992543	  7.365132	 459613.8043434115	0.045961
 194	   74111846.5641908497	  7.411185	 460534.8740915947	0.046053
 195	   74573304.3538617790	  7.457331	 461457.7896709366	0.046146
 196	   75035686.9086422771	  7.503569	 462382.5547804976	0.046238
 197	   75498996.0817690343	  7.549900	 463309.1731267511	0.046331
 198	   75963233.7301926315	  7.596324	 464237.6484235983	0.046424
 199	   76428401.7145850211	  7.642841	 465167.9843923831	0.046517
 200	   76894501.8993469328	  7.689451	 466100.1847619069	0.046610
 201	   77361536.1526153833	  7.736154	 467034.2532684438	0.046703
 202	   77829506.3462711424	  7.782951	 467970.1936557553	0.046797
 203	   78298414.3559462428	  7.829842	 468908.0096751055	0.046891
 204	   78768262.0610315204	  7.876827	 469847.7050852760	0.046985
 205	   79239051.3446840942	  7.923906	 470789.2836525812	0.047079
 206	   79710784.0938349813	  7.971079	 471732.7491508829	0.047173
 207	   80183462.1991965920	  8.018347	 472678.1053616062	0.047268
 208	   80657087.5552703440	  8.065709	 473625.3560737537	0.047363
 209	   81131662.0603542626	  8.113167	 474574.5050839215	0.047457
 210	   81607187.6165505797	  8.160720	 475525.5561963141	0.047553
 211	   82083666.1297733337	  8.208367	 476478.5132227596	0.047648
 212	   82561099.5097560585	  8.256111	 477433.3799827251	0.047743
 213	   83039489.6700593829	  8.303950	 478390.1603033317	0.047839
 214	   83518838.5280787498	  8.351885	 479348.8580193705	0.047935
 215	   83999148.0050520599	  8.399916	 480309.4769733171	0.048031
 216	   84480420.0260674059	  8.448043	 481272.0210153478	0.048127
 217	   84962656.5200707614	  8.496266	 482236.4940033545	0.048224
 218	   85445859.4198737144	  8.544587	 483202.8998029604	0.048320
 219	   85930030.6621612459	  8.593004	 484171.2422875355	0.048417
 220	   86415172.1874994636	  8.641518	 485141.5253382119	0.048514
 221	   86901285.9403433651	  8.690129	 486113.7528438997	0.048611
 222	   87388373.8690446615	  8.738838	 487087.9287013023	0.048709
 223	   87876437.9258596003	  8.787645	 488064.0568149322	0.048806
 224	   88365480.0669567287	  8.836549	 489042.1410971265	0.048904
 225	   88855502.2524247915	  8.885551	 490022.1854680625	0.049002
 226	   89346506.4462805688	  8.934651	 491004.1938557741	0.049100
 227	   89838494.6164767295	  8.983850	 491988.1701961664	0.049199
 228	   90331468.7349097580	  9.033148	 492974.1184330325	0.049297
 229	   90825430.7774278224	  9.082544	 493962.0425180686	0.049396
 230	   91320382.7238387167	  9.132039	 494951.9464108904	0.049495
 231	   91816326.5579177588	  9.181633	 495943.8340790485	0.049594
 232	   92313264.2674158067	  9.231327	 496937.7094980446	0.049694
 233	   92811197.8440671563	  9.281121	 497933.5766513473	0.049793
 234	   93310129.2835975587	  9.331014	 498931.4395304081	0.049893
 235	   93810060.5857322365	  9.381007	 499931.3021346775	0.049993
 236	   94310993.7542038560	  9.431100	 500933.1684716208	0.050093
 237	   94812930.7967605889	  9.481294	 501937.0425567342	0.050194
 238	   95315873.7251741439	  9.531588	 502942.9284135614	0.050294
 239	   95819824.5552478582	  9.581983	 503950.8300737088	0.050395
 240	   96324785.3068247139	  9.632479	 504960.7515768625	0.050496
 241	   96830758.0037955195	  9.683077	 505972.6969708041	0.050597
 242	   97337744.6741069406	  9.733775	 506986.6703114270	0.050699
 243	   97845747.3497696966	  9.784576	 508002.6756627524	0.050800
 244	   98354768.0668666363	  9.835478	 509020.7170969463	0.050902
 245	   98864808.8655609787	  9.886482	 510040.7986943350	0.051004
 246	   99375871.7901044041	  9.937588	 511062.9245434218	0.051106
 247	   99887958.8888453096	  9.988797	 512087.0987409036	0.051209
 248	  100401072.2142369896	 10.040108	 513113.3253916870	0.051311
 249	  100915213.8228458911	 10.091522	 514141.6086089048	0.051414
 250	  101430385.7753598243	 10.143039	 515171.9525139327	0.051517
 251	  101946590.1365962327	 10.194660	 516204.3612364055	0.051620
 252	  102463828.9755104631	 10.246384	 517238.8389142340	0.051724
 253	  102982104.3652040809	 10.298211	 518275.3896936212	0.051828
 254	  103501418.3829331547	 10.350143	 519314.0177290794	0.051931
 255	  104021773.1101166010	 10.402178	 520354.7271834463	0.052035
 256	  104543170.6323444992	 10.454318	 521397.5222279021	0.052140
 257	  105065613.0393864810	 10.506562	 522442.4070419861	0.052244
 258	  105589102.4252000898	 10.558911	 523489.3858136134	0.052349
 259	  106113640.8879391849	 10.611365	 524538.4627390916	0.052454
 260	  106639230.5299623162	 10.663924	 525589.6420231379	0.052559
 261	  107165873.4578412175	 10.716588	 526642.9278788957	0.052664
 262	  107693571.7823691666	 10.769358	 527698.3245279515	0.052770
 263	  108222327.6185695231	 10.822234	 528755.8362003523	0.052876
 264	  108752143.0857041478	 10.875215	 529815.4671346215	0.052982
 265	  109283020.3072819263	 10.928303	 530877.2215777771	0.053088
 266	  109814961.4110672772	 10.981497	 531941.1037853478	0.053194
 267	  110347968.5290886611	 11.034798	 533007.1180213905	0.053301
 268	  110882043.7976471633	 11.088205	 534075.2685585076	0.053408
 269	  111417189.3573250324	 11.141720	 535145.5596778633	0.053515
 270	  111953407.3529942334	 11.195342	 536217.9956692016	0.053622
 271	  112490699.9338250905	 11.249071	 537292.5808308633	0.053729
 272	  113029069.2532949001	 11.302908	 538369.3194698030	0.053837
 273	  113568517.4691965133	 11.356853	 539448.2159016063	0.053945
 274	  114109046.7436470240	 11.410906	 540529.2744505072	0.054053
 275	  114650659.2430964261	 11.465067	 541612.4994494061	0.054161
 276	  115193357.1383363158	 11.519337	 542697.8952398858	0.054270
 277	  115737142.6045085490	 11.573715	 543785.4661722302	0.054379
 278	  116282017.8211139888	 11.628203	 544875.2166054412	0.054488
 279	  116827984.9720212519	 11.682800	 545967.1509072557	0.054597
 280	  117375046.2454754114	 11.737506	 547061.2734541639	0.054706
 281	  117923203.8341068327	 11.792321	 548157.5886314268	0.054816
 282	  118472459.9349399209	 11.847247	 549256.1008330930	0.054926
 283	  119022816.7494019419	 11.902283	 550356.8144620170	0.055036
 284	  119574276.4833318144	 11.957429	 551459.7339298767	0.055146
 285	  120126841.3469890058	 12.012685	 552564.8636571910	0.055256
 286	  120680513.5550623387	 12.068052	 553672.2080733378	0.055367
 287	  121235295.3266789168	 12.123531	 554781.7716165709	0.055478
 288	  121791188.8854129612	 12.179120	 555893.5587340390	0.055589
 289	  122348196.4592947662	 12.234821	 557007.5738818026	0.055701
 290	  122906320.2808196247	 12.290633	 558123.8215248523	0.055812
 291	  123465562.5869567543	 12.346557	 559242.3061371265	0.055924
 292	  124025925.6191582829	 12.402594	 560363.0322015296	0.056036
 293	  124587411.6233682334	 12.458742	 561486.0042099495	0.056149
 294	  125150022.8500315100	 12.515003	 562611.2266632761	0.056261
 295	  125713761.5541029274	 12.571377	 563738.7040714190	0.056374
 296	  126278629.9950562567	 12.627864	 564868.4409533256	0.056487
 297	  126844630.4368932545	 12.684464	 566000.4418369995	0.056600
 298	  127411765.1481527686	 12.741178	 567134.7112595186	0.056713
 299	  127980036.4019198269	 12.798005	 568271.2537670527	0.056827
 300	  128549446.4758347124	 12.854946	 569410.0739148825	0.056941
 301	  129119997.6521021277	 12.912001	 570551.1762674173	0.057055
 302	  129691692.2175003439	 12.969170	 571694.5653982137	0.057169
 303	  130264532.4633903354	 13.026454	 572840.2458899937	0.057284
 304	  130838520.6857250035	 13.083853	 573988.2223346630	0.057399
 305	  131413659.1850583404	 13.141367	 575138.4993333297	0.057514
 306	  131989950.2665546685	 13.198996	 576291.0814963224	0.057629
 307	  132567396.2399978787	 13.256741	 577445.9734432087	0.057745
 308	  133145999.4198006988	 13.314601	 578603.1798028144	0.057860
 309	  133725762.1250139326	 13.372577	 579762.7052132409	0.057976
 310	  134306686.6793358028	 13.430670	 580924.5543218846	0.058092
 311	  134888775.4111212492	 13.488879	 582088.7317854556	0.058209
 312	  135472030.6533912420	 13.547204	 583255.2422699955	0.058326
 313	  136056454.7438421249	 13.605647	 584424.0904508973	0.058442
 314	  136642050.0248550475	 13.664206	 585595.2810129232	0.058560
 315	  137228818.8435052633	 13.722883	 586768.8186502237	0.058677
 316	  137816763.5515716076	 13.781678	 587944.7080663564	0.058794
 317	  138405886.5055459142	 13.840590	 589122.9539743050	0.058912
 318	  138996190.0666424036	 13.899620	 590303.5610964979	0.059030
 319	  139587676.6008072197	 13.958769	 591486.5341648275	0.059149
 320	  140180348.4787278771	 14.018036	 592671.8779206690	0.059267
 321	  140774208.0758427680	 14.077422	 593859.5971148988	0.059386
 322	  141369257.7723506689	 14.136927	 595049.6965079147	0.059505
 323	  141965499.9532203376	 14.196551	 596242.1808696539	0.059624
 324	  142562937.0081999600	 14.256295	 597437.0549796132	0.059744
 325	  143161571.3318268359	 14.316158	 598634.3236268669	0.059863
 326	  143761405.3234369159	 14.376142	 599833.9916100871	0.059983
 327	  144362441.3871744871	 14.436245	 601036.0637375624	0.060104
 328	  144964681.9320017099	 14.496470	 602240.5448272168	0.060224
 329	  145568129.3717083335	 14.556814	 603447.4397066301	0.060345
 330	  146172786.1249213815	 14.617280	 604656.7532130561	0.060466
 331	  146778654.6151148379	 14.677867	 605868.4901934431	0.060587
 332	  147385737.2706193030	 14.738575	 607082.6555044519	0.060708
 333	  147994036.5246317685	 14.799405	 608299.2540124769	0.060830
 334	  148603554.8152254224	 14.860357	 609518.2905936642	0.060952
 335	  149214294.5853593647	 14.921431	 610739.7701339321	0.061074
 336	  149826258.2828883529	 14.982627	 611963.6975289900	0.061196
 337	  150439448.3605727255	 15.043946	 613190.0776843587	0.061319
 338	  151053867.2760881186	 15.105388	 614418.9155153895	0.061442
 339	  151669517.4920353889	 15.166953	 615650.2159472841	0.061565
 340	  152286401.4759505093	 15.228642	 616883.9839151143	0.061688
 341	  152904521.7003143430	 15.290454	 618120.2243638420	0.061812
 342	  153523880.6425626874	 15.352389	 619358.9422483387	0.061936
 343	  154144480.7850960791	 15.414449	 620600.1425334055	0.062060
 344	  154766324.6152898669	 15.476634	 621843.8301937932	0.062184
 345	  155389414.6255040765	 15.538943	 623090.0102142215	0.062309
 346	  156013753.3130934834	 15.601377	 624338.6875894004	0.062434
 347	  156639343.1804175377	 15.663936	 625589.8673240485	0.062559
 348	  157266186.7348504663	 15.726620	 626843.5544329144	0.062684
 349	  157894286.4887912571	 15.789430	 628099.7539407960	0.062810
 350	  158523644.9596738219	 15.852366	 629358.4708825612	0.062936
 351	  159154264.6699769795	 15.915428	 630619.7103031673	0.063062
 352	  159786148.1472346485	 15.978616	 631883.4772576828	0.063188
 353	  160419297.9240459502	 16.041931	 633149.7768113054	0.063315
 354	  161053716.5380853415	 16.105373	 634418.6140393843	0.063442
 355	  161689406.5321127772	 16.168942	 635689.9940274392	0.063569
 356	  162326370.4539839625	 16.232639	 636963.9218711815	0.063696
 357	  162964610.8566604853	 16.296463	 638240.4026765346	0.063824
 358	  163604130.2982201278	 16.360415	 639519.4415596538	0.063952
 359	  164244931.3418670893	 16.424495	 640801.0436469478	0.064080
 360	  164887016.5559421778	 16.488703	 642085.2140750979	0.064209
 361	  165530388.5139332712	 16.553040	 643371.9579910801	0.064337
 362	  166175049.7944854498	 16.617506	 644661.2805521846	0.064466
 363	  166821002.9814114869	 16.682102	 645953.1869260365	0.064595
 364	  167468250.6637021005	 16.746827	 647247.6822906177	0.064725
 365	  168116795.4355363846	 16.811681	 648544.7718342863	0.064854
 366	  168766639.8962921798	 16.876666	 649844.4607557978	0.064984
 367	  169417786.6505565047	 16.941780	 651146.7542643264	0.065115
 368	  170070238.3081359863	 17.007025	 652451.6575794854	0.065245
 369	  170723997.4840673208	 17.072401	 653759.1759313481	0.065376
 370	  171379066.7986277938	 17.137908	 655069.3145604690	0.065507
 371	  172035448.8773457110	 17.203546	 656382.0787179047	0.065638
 372	  172693146.3510109484	 17.269316	 657697.4736652353	0.065770
 373	  173352161.8556855321	 17.335218	 659015.5046745845	0.065902
 374	  174012498.0327141881	 17.401251	 660336.1770286418	0.066034
 375	  174674157.5287348628	 17.467417	 661659.4960206832	0.066166
 376	  175337142.9956894517	 17.533716	 662985.4669545924	0.066299
 377	  176001457.0908343196	 17.600147	 664314.0951448822	0.066431
 378	  176667102.4767510295	 17.666712	 665645.3859167156	0.066565
 379	  177334081.8213569522	 17.733410	 666979.3446059275	0.066698
 380	  178002397.7979159951	 17.800241	 668315.9765590455	0.066832
 381	  178672053.0850493014	 17.867207	 669655.2871333121	0.066966
 382	  179343050.3667460084	 17.934307	 670997.2816967055	0.067100
 383	  180015392.3323739767	 18.001541	 672341.9656279614	0.067234
 384	  180689081.6766905785	 18.068910	 673689.3443165947	0.067369
 385	  181364121.0998534858	 18.136414	 675039.4231629205	0.067504
 386	  182040513.3074315488	 18.204053	 676392.2075780766	0.067639
 387	  182718261.0104155838	 18.271828	 677747.7029840447	0.067775
 388	  183397366.9252292514	 18.339738	 679105.9148136720	0.067911
 389	  184077833.7737399340	 18.407785	 680466.8485106934	0.068047
 390	  184759664.2832696736	 18.475968	 681830.5095297529	0.068183
 391	  185442861.1866061091	 18.544288	 683196.9033364257	0.068320
 392	  186127427.2220133543	 18.612744	 684566.0354072403	0.068457
 393	  186813365.1332430542	 18.681338	 685937.9112296996	0.068594
 394	  187500677.6695453525	 18.750069	 687312.5363023042	0.068731
 395	  188189367.5856799185	 18.818938	 688689.9161345734	0.068869
 396	  188879437.6419269741	 18.887945	 690070.0562470675	0.069007
 397	  189570890.6040983796	 18.957091	 691452.9621714103	0.069145
 398	  190263729.2435486913	 19.026375	 692838.6394503110	0.069284
 399	  190957956.3371862769	 19.095797	 694227.0936375861	0.069423
 400	  191653574.6674844623	 19.165359	 695618.3302981824	0.069562
 401	  192350587.0224926472	 19.235060	 697012.3550081989	0.069701
 402	  193048996.1958475411	 19.304901	 698409.1733549087	0.069841
 403	  193748804.9867843091	 19.374882	 699808.7909367823	0.069981
 404	  194450016.2001478076	 19.445003	 701211.2133635094	0.070121
 405	  195152632.6464038193	 19.515265	 702616.4462560214	0.070262
 406	  195856657.1416503191	 19.585667	 704024.4952465146	0.070402
 407	  196562092.5076287985	 19.656211	 705435.3659784714	0.070544
 408	  197268941.5717354715	 19.726896	 706849.0641066848	0.070685
 409	  197977207.1670327485	 19.797723	 708265.5952972794	0.070827
 410	  198686892.1322604716	 19.868691	 709684.9652277349	0.070969
 411	  199397999.3118473887	 19.939802	 711107.1795869087	0.071111
 412	  200110531.5559224486	 20.011055	 712532.2440750587	0.071253
 413	  200824491.7203263044	 20.082451	 713960.1644038664	0.071396
 414	  201539882.6666227579	 20.153990	 715390.9462964594	0.071539
 415	  202256707.2621102035	 20.225673	 716824.5954874342	0.071682
 416	  202974968.3798330724	 20.297499	 718261.1177228800	0.071826
 417	  203694668.8985934854	 20.369469	 719700.5187604008	0.071970
 418	  204415811.7029626369	 20.441583	 721142.8043691391	0.072114
 419	  205138399.6832924485	 20.513842	 722587.9803297987	0.072259
 420	  205862435.7357271314	 20.586245	 724036.0524346681	0.072404
 421	  206587922.7622147799	 20.658794	 725487.0264876432	0.072549
 422	  207314863.6705190241	 20.731488	 726940.9083042518	0.072694
 423	  208043261.3742307127	 20.804328	 728397.7037116751	0.072840
 424	  208773118.7927794755	 20.877314	 729857.4185487727	0.072986
 425	  209504438.8514455855	 20.950446	 731320.0586661048	0.073132
 426	  210237224.4813715518	 21.023724	 732785.6299259568	0.073279
 427	  210971478.6195739210	 21.097150	 734254.1382023615	0.073425
 428	  211707204.2089550495	 21.170722	 735725.5893811239	0.073573
 429	  212444404.1983149052	 21.244442	 737199.9893598434	0.073720
 430	  213183081.5423628390	 21.318310	 738677.3440479394	0.073868
 431	  213923239.2017295063	 21.392326	 740157.6593666726	0.074016
 432	  214664880.1429786682	 21.466490	 741640.9412491710	0.074164
 433	  215408007.3386191130	 21.540803	 743127.1956404519	0.074313
 434	  216152623.7671165466	 21.615264	 744616.4284974467	0.074462
 435	  216898732.4129055738	 21.689875	 746108.6457890248	0.074611
 436	  217646336.2664015889	 21.764636	 747603.8534960168	0.074760
 437	  218395438.3240128160	 21.839546	 749102.0576112393	0.074910
 438	  219146041.5881523490	 21.914606	 750603.2641395184	0.075060
 439	  219898149.0672500730	 21.989817	 752107.4790977138	0.075211
 440	  220651763.7757648230	 22.065178	 753614.7085147434	0.075361
 441	  221406888.7341964245	 22.140691	 755124.9584316066	0.075513
 442	  222163526.9690978229	 22.216355	 756638.2349014095	0.075664
 443	  222921681.5130872130	 22.292170	 758154.5439893883	0.075815
 444	  223681355.4048601389	 22.368138	 759673.8917729341	0.075967
 445	  224442551.6892017424	 22.444257	 761196.2843416174	0.076120
 446	  225205273.4169989526	 22.520529	 762721.7277972118	0.076272
 447	  225969523.6452526748	 22.596954	 764250.2282537193	0.076425
 448	  226735305.4370900691	 22.673533	 765781.7918373940	0.076578
 449	  227502621.8617768288	 22.750264	 767316.4246867675	0.076732
 450	  228271475.9947294891	 22.827150	 768854.1329526729	0.076885
 451	  229041870.9175277650	 22.904189	 770394.9227982695	0.077039
 452	  229813809.7179268301	 22.981383	 771938.8003990677	0.077194
 453	  230587295.4898697734	 23.058732	 773485.7719429537	0.077349
 454	  231362331.3334999979	 23.136235	 775035.8436302141	0.077504
 455	  232138920.3551735580	 23.213894	 776589.0216735612	0.077659
 456	  232917065.6674717069	 23.291709	 778145.3122981576	0.077815
 457	  233696770.3892133534	 23.369679	 779704.7217416408	0.077970
 458	  234478037.6454674900	 23.447806	 781267.2562541491	0.078127
 459	  235260870.5675658286	 23.526089	 782832.9220983458	0.078283
 460	  236045272.2931152880	 23.604529	 784401.7255494447	0.078440
 461	  236831245.9660105109	 23.683127	 785973.6728952352	0.078597
 462	  237618794.7364466190	 23.761882	 787548.7704361074	0.078755
 463	  238407921.7609317005	 23.840794	 789127.0244850776	0.078913
 464	  239198630.2022995055	 23.919865	 790708.4413678133	0.079071
 465	  239990923.2297221720	 23.999094	 792293.0274226586	0.079229
 466	  240784804.0187228322	 24.078483	 793880.7890006599	0.079388
 467	  241580275.7511884272	 24.158030	 795471.7324655910	0.079547
 468	  242377341.6153824031	 24.237736	 797065.8641939791	0.079707
 469	  243176004.8059575260	 24.317603	 798663.1905751292	0.079866
 470	  243976268.5239686668	 24.397629	 800263.7180111515	0.080026
 471	  244778135.9768856466	 24.477816	 801867.4529169856	0.080187
 472	  245581610.3786060810	 24.558163	 803474.4017204265	0.080347
 473	  246386694.9494682252	 24.638672	 805084.5708621508	0.080508
 474	  247193392.9162639678	 24.719342	 806697.9667957422	0.080670
 475	  248001707.5122516751	 24.800173	 808314.5959877176	0.080831
 476	  248811641.9771692157	 24.881166	 809934.4649175529	0.080993
 477	  249623199.5572469234	 24.962322	 811557.5800777082	0.081156
 478	  250436383.5052205920	 25.043641	 813183.9479736555	0.081318
 479	  251251197.0803444982	 25.125122	 814813.5751239033	0.081481
 480	  252067643.5484045148	 25.206767	 816446.4680600234	0.081645
 481	  252885726.1817311943	 25.288575	 818082.6333266768	0.081808
 482	  253705448.2592128217	 25.370547	 819722.0774816400	0.081972
 483	  254526813.0663086474	 25.452684	 821364.8070958317	0.082136
 484	  255349823.8950619996	 25.534985	 823010.8287533384	0.082301
 485	  256174484.0441134274	 25.617451	 824660.1490514413	0.082466
 486	  257000796.8187140822	 25.700082	 826312.7746006426	0.082631
 487	  257828765.5307387710	 25.782879	 827968.7120246921	0.082797
 488	  258658393.4986993968	 25.865842	 829627.9679606133	0.082963
 489	  259489684.0477581322	 25.948971	 831290.5490587308	0.083129
 490	  260322640.5097408295	 26.032266	 832956.4619826963	0.083296
 491	  261157266.2231503427	 26.115729	 834625.7134095153	0.083463
 492	  261993564.5331799090	 26.199359	 836298.3100295744	0.083630
 493	  262831538.7917265892	 26.283156	 837974.2585466678	0.083797
 494	  263671192.3574046195	 26.367122	 839653.5656780237	0.083965
 495	  264512528.5955589414	 26.451255	 841336.2381543324	0.084134
 496	  265355550.8782787025	 26.535557	 843022.2827197720	0.084302
 497	  266200262.5844107270	 26.620029	 844711.7061320362	0.084471
 498	  267046667.0995730758	 26.704669	 846404.5151623609	0.084640
 499	  267894767.8161686361	 26.789479	 848100.7165955518	0.084810
 500	  268744568.1333986521	 26.874459	 849800.3172300118	0.084980
 501	  269596071.4572764039	 26.959610	 851503.3238777674	0.085150
 502	  270449281.2006409168	 27.044931	 853209.7433644964	0.085321
 503	  271304200.7831704617	 27.130423	 854919.5825295554	0.085492
 504	  272160833.6313964725	 27.216086	 856632.8482260074	0.085663
 505	  273019183.1787171364	 27.301921	 858349.5473206487	0.085835
 506	  273879252.8654111624	 27.387928	 860069.6866940367	0.086007
 507	  274741046.1386516690	 27.474107	 861793.2732405178	0.086179
 508	  275604566.4525198936	 27.560459	 863520.3138682543	0.086352
 509	  276469817.2680191398	 27.646984	 865250.8154992529	0.086525
 510	  277336802.0530885458	 27.733683	 866984.7850693917	0.086698
 511	  278205524.2826169729	 27.820555	 868722.2295284487	0.086872
 512	  279075987.4384571314	 27.907601	 870463.1558401288	0.087046
 513	  279948195.0094392300	 27.994822	 872207.5709820931	0.087221
 514	  280822150.4913852215	 28.082218	 873955.4819459850	0.087396
 515	  281697857.3871226907	 28.169788	 875706.8957374600	0.087571
 516	  282575319.2064989209	 28.257534	 877461.8193762124	0.087746
 517	  283454539.4663949013	 28.345457	 879220.2598960045	0.087922
 518	  284335521.6907395720	 28.433555	 880982.2243446938	0.088098
 519	  285218269.4105238318	 28.521830	 882747.7197842624	0.088275
 520	  286102786.1638146639	 28.610281	 884516.7532908441	0.088452
 521	  286989075.4957694411	 28.698910	 886289.3319547536	0.088629
 522	  287877140.9586499333	 28.787717	 888065.4628805147	0.088807
 523	  288766986.1118368506	 28.876701	 889845.1531868884	0.088985
 524	  289658614.5218437314	 28.965864	 891628.4100069023	0.089163
 525	  290552029.7623316050	 29.055206	 893415.2404878780	0.089342
 526	  291447235.4141230583	 29.144726	 895205.6517914609	0.089521
 527	  292344235.0652167201	 29.234426	 896999.6510936482	0.089700
 528	  293243032.3108015656	 29.324306	 898797.2455848178	0.089880
 529	  294143630.7532713413	 29.414366	 900598.4424697574	0.090060
 530	  295046034.0022390485	 29.504606	 902403.2489676928	0.090240
 531	  295950245.6745513678	 29.595027	 904211.6723123174	0.090421
 532	  296856269.3943032026	 29.685630	 906023.7197518210	0.090602
 533	  297764108.7928521037	 29.776414	 907839.3985489189	0.090784
 534	  298673767.5088329911	 29.867379	 909658.7159808805	0.090966
 535	  299585249.1881725788	 29.958528	 911481.6793395597	0.091148
 536	  300498557.4841039777	 30.049858	 913308.2959314225	0.091331
 537	  301413696.0571815372	 30.141372	 915138.5730775776	0.091514
 538	  302330668.5752953291	 30.233070	 916972.5181138053	0.091697
 539	  303249478.7136859298	 30.324951	 918810.1383905865	0.091881
 540	  304170130.1549590826	 30.417016	 920651.4412731328	0.092065
 541	  305092626.5891004801	 30.509265	 922496.4341414156	0.092250
 542	  306016971.7134906650	 30.601700	 924345.1243901961	0.092435
 543	  306943169.2329196930	 30.694320	 926197.5194290541	0.092620
 544	  307871222.8596020937	 30.787125	 928053.6266824190	0.092805
 545	  308801136.3131917119	 30.880116	 929913.4535895981	0.092991
 546	  309732913.3207964897	 30.973294	 931777.0076048076	0.093178
 547	  310666557.6169936657	 31.066659	 933644.2961972021	0.093364
 548	  311602072.9438445568	 31.160210	 935515.3268509038	0.093552
 549	  312539463.0509095788	 31.253949	 937390.1070650339	0.093739
 550	  313478731.6952633262	 31.347876	 939268.6443537413	0.093927
 551	  314419882.6415095329	 31.441991	 941150.9462462338	0.094115
 552	  315362919.6617963314	 31.536295	 943037.0202868074	0.094304
 553	  316307846.5358312130	 31.630788	 944926.8740348772	0.094493
 554	  317254667.0508962274	 31.725470	 946820.5150650071	0.094682
 555	  318203385.0018631816	 31.820341	 948717.9509669410	0.094872
 556	  319154004.1912088394	 31.915403	 950619.1893456323	0.095062
 557	  320106528.4290301204	 32.010656	 952524.2378212749	0.095252
 558	  321060961.5330594778	 32.106099	 954433.1040293336	0.095443
 559	  322017307.3286800385	 32.201734	 956345.7956205747	0.095635
 560	  322975569.6489411592	 32.297560	 958262.3202610970	0.095826
 561	  323935752.3345735073	 32.393578	 960182.6856323617	0.096018
 562	  324897859.2340047359	 32.489789	 962106.8994312241	0.096211
 563	  325861894.2033746839	 32.586192	 964034.9693699641	0.096404
 564	  326827861.1065509915	 32.682789	 965966.9031763166	0.096597
 565	  327795763.8151444793	 32.779579	 967902.7085935037	0.096790
 566	  328765606.2085247636	 32.876564	 969842.3933802642	0.096984
 567	  329737392.1738356352	 32.973742	 971785.9653108860	0.097179
 568	  330711125.6060108542	 33.071116	 973733.4321752364	0.097373
 569	  331686810.4077896476	 33.168684	 975684.8017787940	0.097568
 570	  332664450.4897323251	 33.266448	 977640.0819426794	0.097764
 571	  333644049.7702360153	 33.364408	 979599.2805036869	0.097960
 572	  334625612.1755503416	 33.462564	 981562.4053143155	0.098156
 573	  335609141.6397931576	 33.560917	 983529.4642428010	0.098353
 574	  336594642.1049662828	 33.659467	 985500.4651731473	0.098550
 575	  337582117.5209714174	 33.758215	 987475.4160051575	0.098748
 576	  338571571.8456258774	 33.857160	 989454.3246544665	0.098945
 577	  339563009.0446784496	 33.956304	 991437.1990525717	0.099144
 578	  340556433.0918253064	 34.055646	 993424.0471468654	0.099342
 579	  341551847.9687259793	 34.155188	 995414.8769006667	0.099541
 580	  342549257.6650192142	 34.254929	 997409.6962932533	0.099741
 581	  343548666.1783391237	 34.354870	 999408.5133198932	0.099941
 582	  344550077.5143309832	 34.455011	1001411.3359918769	0.100141
 583	  345553495.6866675615	 34.555353	1003418.1723365500	0.100342
 584	  346558924.7170649171	 34.655896	1005429.0303973446	0.100543
 585	  347566368.6352987289	 34.756640	1007443.9182338123	0.100744
 586	  348575831.4792203903	 34.857586	1009462.8439216556	0.100946
 587	  349587317.2947731614	 34.958735	1011485.8155527611	0.101149
 588	  350600830.1360083818	 35.060086	1013512.8412352315	0.101351
 589	  351616374.0651018023	 35.161641	1015543.9290934183	0.101554
 590	  352633953.1523697376	 35.263399	1017579.0872679541	0.101758
 591	  353653571.4762855172	 35.365360	1019618.3239157858	0.101962
 592	  354675233.1234956980	 35.467527	1021661.6472102060	0.102166
 593	  355698942.1888365746	 35.569897	1023709.0653408878	0.102371
 594	  356724702.7753505111	 35.672474	1025760.5865139157	0.102576
 595	  357752518.9943023324	 35.775255	1027816.2189518193	0.102782
 596	  358782394.9651959538	 35.878243	1029875.9708936067	0.102988
 597	  359814334.8157907724	 35.981437	1031939.8505947962	0.103194
 598	  360848342.6821182370	 36.084838	1034007.8663274512	0.103401
 599	  361884422.7084984779	 36.188446	1036080.0263802116	0.103608
 600	  362922579.0475568175	 36.292261	1038156.3390583283	0.103816
 601	  363962815.8602405190	 36.396285	1040236.8126836957	0.104024
 602	  365005137.3158354163	 36.500517	1042321.4555948855	0.104232
 603	  366049547.5919826031	 36.604958	1044410.2761471799	0.104441
 604	  367096050.8746951818	 36.709608	1046503.2827126051	0.104650
 605	  368144651.3583751321	 36.814468	1048600.4836799649	0.104860
 606	  369195353.2458299994	 36.919539	1050701.8874548748	0.105070
 607	  370248160.7482898235	 37.024819	1052807.5024597943	0.105281
 608	  371303078.0854238868	 37.130311	1054917.3371340625	0.105492
 609	  372360109.4853578210	 37.236014	1057031.3999339303	0.105703
 610	  373419259.1846904159	 37.341929	1059149.6993325956	0.105915
 611	  374480531.4285106659	 37.448057	1061272.2438202361	0.106127
 612	  375543930.4704146981	 37.554396	1063399.0419040441	0.106340
 613	  376609460.5725229383	 37.660949	1065530.1021082606	0.106553
 614	  377677126.0054971576	 37.767716	1067665.4329742091	0.106767
 615	  378746931.0485574603	 37.874697	1069805.0430603297	0.106981
 616	  379818879.9894996881	 37.981891	1071948.9409422143	0.107195
 617	  380892977.1247123480	 38.089301	1074097.1352126396	0.107410
 618	  381969226.7591939569	 38.196926	1076249.6344816028	0.107625
 619	  383047633.2065703273	 38.304767	1078406.4473763555	0.107841
 620	  384128200.7891117930	 38.412824	1080567.5825414383	0.108057
 621	  385210933.8377504945	 38.521097	1082733.0486387159	0.108273
 622	  386295836.6920979023	 38.629587	1084902.8543474106	0.108490
 623	  387382913.7004620433	 38.738295	1087077.0083641389	0.108708
 624	  388472169.2198649645	 38.847220	1089255.5194029447	0.108926
 625	  389563607.6160603166	 38.956364	1091438.3961953353	0.109144
 626	  390657233.2635506392	 39.065727	1093625.6474903161	0.109363
 627	  391753050.5456050634	 39.175309	1095817.2820544248	0.109582
 628	  392851063.8542768359	 39.285110	1098013.3086717683	0.109801
 629	  393951277.5904209018	 39.395131	1100213.7361440563	0.110021
 630	  395053696.1637115479	 39.505373	1102418.5732906375	0.110242
 631	  396158323.9926601052	 39.615836	1104627.8289485346	0.110463
 632	  397265165.5046325922	 39.726520	1106841.5119724795	0.110684
 633	  398374225.1358675361	 39.837426	1109059.6312349495	0.110906
 634	  399485507.3314937353	 39.948554	1111282.1956262018	0.111128
 635	  400599016.5455480218	 40.059905	1113509.2140543105	0.111351
 636	  401714757.2409932017	 40.171479	1115740.6954452009	0.111574
 637	  402832733.8897358775	 40.283277	1117976.6487426863	0.111798
 638	  403952950.9726443887	 40.395299	1120217.0829085032	0.112022
 639	  405075412.9795667529	 40.507545	1122462.0069223479	0.112246
 640	  406200124.4093486667	 40.620016	1124711.4297819119	0.112471
 641	  407327089.7698515654	 40.732713	1126965.3605029176	0.112697
 642	  408456313.5779707432	 40.845635	1129223.8081191559	0.112922
 643	  409587800.3596532345	 40.958784	1131486.7816825209	0.113149
 644	  410721554.6499162912	 41.072159	1133754.2902630470	0.113375
 645	  411857580.9928652644	 41.185762	1136026.3429489448	0.113603
 646	  412995883.9417119026	 41.299592	1138302.9488466382	0.113830
 647	  414136468.0587927103	 41.413651	1140584.1170807998	0.114058
 648	  415279337.9155871272	 41.527938	1142869.8567943885	0.114287
 649	  416424498.0927358270	 41.642454	1145160.1771486860	0.114516
 650	  417571953.1800591350	 41.757199	1147455.0873233327	0.114746
 651	  418721707.7765755057	 41.872175	1149754.5965163654	0.114975
 652	  419873766.4905197620	 41.987380	1152058.7139442537	0.115206
 653	  421028133.9393616915	 42.102817	1154367.4488419376	0.115437
 654	  422184814.7498245835	 42.218485	1156680.8104628634	0.115668
 655	  423343813.5579035878	 42.334385	1158998.8080790215	0.115900
 656	  424505135.0088845491	 42.450517	1161321.4509809834	0.116132
 657	  425668783.7573624849	 42.566882	1163648.7484779395	0.116365
 658	  426834764.4672602415	 42.683480	1165980.7098977349	0.116598
 659	  428003081.8118471503	 42.800312	1168317.3445869088	0.116832
 660	  429173740.4737578630	 42.917378	1170658.6619107302	0.117066
 661	  430346745.1450111270	 43.034678	1173004.6712532367	0.117300
 662	  431522100.5270283818	 43.152214	1175355.3820172714	0.117536
 663	  432699811.3306528926	 43.269985	1177710.8036245205	0.117771
 664	  433879882.2761684656	 43.387992	1180070.9455155516	0.118007
 665	  435062318.0933183432	 43.506236	1182435.8171498515	0.118244
 666	  436247123.5213242173	 43.624716	1184805.4280058630	0.118481
 667	  437434303.3089052439	 43.743434	1187179.7875810249	0.118718
 668	  438623862.2142970562	 43.862390	1189558.9053918088	0.118956
 669	  439815805.0052708387	 43.981584	1191942.7909737565	0.119194
 670	  441010136.4591523409	 44.101018	1194331.4538815194	0.119433
 671	  442206861.3628412485	 44.220690	1196724.9036888971	0.119673
 672	  443405984.5128301382	 44.340602	1199123.1499888750	0.119912
 673	  444607510.7152237892	 44.460755	1201526.2023936622	0.120153
 674	  445811444.7857584953	 44.581149	1203934.0705347315	0.120393
 675	  447017791.5498213768	 44.701783	1206346.7640628575	0.120635
 676	  448226555.8424695134	 44.822660	1208764.2926481536	0.120876
 677	  449437742.5084496140	 44.943778	1211186.6659801139	0.121119
 678	  450651356.4022172689	 45.065140	1213613.8937676493	0.121361
 679	  451867402.3879563808	 45.186744	1216045.9857391275	0.121605
 680	  453085885.3395987749	 45.308593	1218482.9516424122	0.121848
 681	  454306810.1408436894	 45.430685	1220924.8012449020	0.122092
 682	  455530181.6851772666	 45.553022	1223371.5443335692	0.122337
 683	  456756004.8758922815	 45.675605	1225823.1907149991	0.122582
 684	  457984284.6261076927	 45.798433	1228279.7502154300	0.122828
 685	  459215025.8587884903	 45.921507	1230741.2326807915	0.123074
 686	  460448233.5067652464	 46.044828	1233207.6479767449	0.123321
 687	  461683912.5127539635	 46.168395	1235679.0059887224	0.123568
 688	  462922067.8293759227	 46.292211	1238155.3166219662	0.123816
 689	  464162704.4191774726	 46.416275	1240636.5898015692	0.124064
 690	  465405827.2546499968	 46.540587	1243122.8354725144	0.124312
 691	  466651441.3182497025	 46.665148	1245614.0635997138	0.124561
 692	  467899551.6024177670	 46.789959	1248110.2841680497	0.124811
 693	  469150163.1096001863	 46.915021	1250611.5071824146	0.125061
 694	  470403280.8522679210	 47.040332	1253117.7426677502	0.125312
 695	  471658909.8529369831	 47.165895	1255629.0006690884	0.125563
 696	  472917055.1441885829	 47.291710	1258145.2912515914	0.125815
 697	  474177721.7686891556	 47.417776	1260666.6245005929	0.126067
 698	  475440914.7792108059	 47.544096	1263193.0105216361	0.126319
 699	  476706639.2386513352	 47.670668	1265724.4594405172	0.126572
 700	  477974900.2200546861	 47.797494	1268260.9814033238	0.126826
 701	  479245702.8066311479	 47.924575	1270802.5865764769	0.127080
 702	  480519052.0917779207	 48.051910	1273349.2851467705	0.127335
 703	  481794953.1790993214	 48.179500	1275901.0873214132	0.127590
 704	  483073411.1824274063	 48.307345	1278458.0033280693	0.127846
 705	  484354431.2258422971	 48.435448	1281020.0434148991	0.128102
 706	  485638018.4436929226	 48.563806	1283587.2178506004	0.128359
 707	  486924177.9806173444	 48.692422	1286159.5369244495	0.128616
 708	  488212914.9915636778	 48.821296	1288737.0109463420	0.128874
 709	  489504234.6418105364	 48.950428	1291319.6502468358	0.129132
 710	  490798142.1069877148	 49.079819	1293907.4651771903	0.129391
 711	  492094642.5730971098	 49.209469	1296500.4661094092	0.129650
 712	  493393741.2365334034	 49.339379	1299098.6634362817	0.129910
 713	  494695443.3041048050	 49.469549	1301702.0675714246	0.130170
 714	  495999753.9930541515	 49.599980	1304310.6889493233	0.130431
 715	  497306678.5310795307	 49.730672	1306924.5380253741	0.130692
 716	  498616222.1563554406	 49.861627	1309543.6252759262	0.130954
 717	  499928390.1175537705	 49.992844	1312167.9611983227	0.131217
 718	  501243187.6738647223	 50.124323	1314797.5563109445	0.131480
 719	  502560620.0950179696	 50.256067	1317432.4211532511	0.131743
 720	  503880692.6613038182	 50.388074	1320072.5662858228	0.132007
 721	  505203410.6635942459	 50.520346	1322718.0022904035	0.132272
 722	  506528779.4033641815	 50.652883	1325368.7397699433	0.132537
 723	  507856804.1927128434	 50.785685	1328024.7893486407	0.132802
 724	  509187490.3543848395	 50.918754	1330686.1616719845	0.133069
 725	  510520843.2217916250	 51.052089	1333352.8674067981	0.133335
 726	  511856868.1390329003	 51.185691	1336024.9172412804	0.133603
 727	  513195570.4609179497	 51.319562	1338702.3218850507	0.133870
 728	  514536955.5529871583	 51.453700	1341385.0920691891	0.134139
 729	  515881028.7915334105	 51.588108	1344073.2385462816	0.134407
 730	  517227795.5636238456	 51.722784	1346766.7720904625	0.134677
 731	  518577261.2671213150	 51.857731	1349465.7034974573	0.134947
 732	  519929431.3107059598	 51.992948	1352170.0435846266	0.135217
 733	  521284311.1138969660	 52.128436	1354879.8031910087	0.135488
 734	  522641906.1070743203	 52.264195	1357594.9931773632	0.135760
 735	  524002221.7315005064	 52.400227	1360315.6244262157	0.136032
 736	  525365263.4393423796	 52.536531	1363041.7078418997	0.136304
 737	  526731036.6936929822	 52.673108	1365773.2543506010	0.136577
 738	  528099546.9685933590	 52.809959	1368510.2749004017	0.136851
 739	  529470799.7490546703	 52.947085	1371252.7804613244	0.137125
 740	  530844800.5310800672	 53.084485	1374000.7820253749	0.137400
 741	  532221554.8216866255	 53.222160	1376754.2906065881	0.137675
 742	  533601068.1389276981	 53.360112	1379513.3172410703	0.137951
 743	  534983346.0119147301	 53.498339	1382277.8729870445	0.138228
 744	  536368393.9808396101	 53.636844	1385047.9689248940	0.138505
 745	  537756217.5969967842	 53.775627	1387823.6161572086	0.138782
 746	  539146822.4228056669	 53.914687	1390604.8258088261	0.139060
 747	  540540214.0318325758	 54.054026	1393391.6090268800	0.139339
 748	  541936398.0088133812	 54.193645	1396183.9769808415	0.139618
 749	  543335379.9496759176	 54.333543	1398981.9408625667	0.139898
 750	  544737165.4615622759	 54.473721	1401785.5118863396	0.140179
 751	  546141760.1628512144	 54.614181	1404594.7012889176	0.140459
 752	  547549169.6831808090	 54.754922	1407409.5203295767	0.140741
 753	  548959399.6634709835	 54.895945	1410229.9802901570	0.141023
 754	  550372455.7559460402	 55.037251	1413056.0924751072	0.141306
 755	  551788343.6241575480	 55.178839	1415887.8682115304	0.141589
 756	  553207068.9430067539	 55.320712	1418725.3188492288	0.141873
 757	  554628637.3987674713	 55.462869	1421568.4557607502	0.142157
 758	  556053054.6891088486	 55.605311	1424417.2903414331	0.142442
 759	  557480326.5231182575	 55.748038	1427271.8340094520	0.142727
 760	  558910458.6213240623	 55.891051	1430132.0982058640	0.143013
 761	  560343456.7157187462	 56.034351	1432998.0943946533	0.143300
 762	  561779326.5497815609	 56.177938	1435869.8340627786	0.143587
 763	  563218073.8785017729	 56.321812	1438747.3287202192	0.143875
 764	  564659704.4684017897	 56.465976	1441630.5899000191	0.144163
 765	  566104224.0975601673	 56.610428	1444519.6291583360	0.144452
 766	  567551638.5556346178	 56.755169	1447414.4580744847	0.144741
 767	  569001953.6438856125	 56.900201	1450315.0882509868	0.145032
 768	  570455175.1751992702	 57.045523	1453221.5313136140	0.145322
 769	  571911308.9741107225	 57.191136	1456133.7989114369	0.145613
 770	  573370360.8768275976	 57.337041	1459051.9027168704	0.145905
 771	  574832336.7312532663	 57.483239	1461975.8544257218	0.146198
 772	  576297242.3970104456	 57.629729	1464905.6657572361	0.146491
 773	  577765083.7454645634	 57.776514	1467841.3484541443	0.146784
 774	  579235866.6597472429	 57.923592	1470782.9142827098	0.147078
 775	  580709597.0347800255	 58.070965	1473730.3750327753	0.147373
 776	  582186280.7772978544	 58.218633	1476683.7425178110	0.147668
 777	  583665923.8058727980	 58.366598	1479643.0285749608	0.147964
 778	  585148532.0509378910	 58.514858	1482608.2450650909	0.148261
 779	  586634111.4548107386	 58.663416	1485579.4038728368	0.148558
 780	  588122667.9717173576	 58.812272	1488556.5169066500	0.148856
 781	  589614207.5678162575	 58.961426	1491539.5960988479	0.149154
 782	  591108736.2212219238	 59.110879	1494528.6534056591	0.149453
 783	  592606259.9220292568	 59.260631	1497523.7008072739	0.149752
 784	  594106784.6723371744	 59.410684	1500524.7503078897	0.150052
 785	  595610316.4862729311	 59.561037	1503531.8139357611	0.150353
 786	  597116861.3900161982	 59.711692	1506544.9037432475	0.150655
 787	  598626425.4218230247	 59.862648	1509564.0318068613	0.150956
 788	  600139014.6320503950	 60.013907	1512589.2102273158	0.151259
 789	  601654635.0831799507	 60.165469	1515620.4511295750	0.151562
 790	  603173292.8498429060	 60.317335	1518657.7666629010	0.151866
 791	  604694994.0188437700	 60.469505	1521701.1690009027	0.152170
 792	  606219744.6891853809	 60.621980	1524750.6703415860	0.152475
 793	  607747550.9720927477	 60.774761	1527806.2829074007	0.152781
 794	  609278418.9910380840	 60.927847	1530868.0189452914	0.153087
 795	  610812354.8817647696	 61.081241	1533935.8907267447	0.153394
 796	  612349364.7923126221	 61.234942	1537009.9105478404	0.153701
 797	  613889454.8830419779	 61.388951	1540090.0907292990	0.154009
 798	  615432631.3266584873	 61.543269	1543176.4436165323	0.154318
 799	  616978900.3082381487	 61.697896	1546268.9815796916	0.154627
 800	  618528268.0252518654	 61.852832	1549367.7170137193	0.154937
 801	  620080740.6875902414	 62.008080	1552472.6623383961	0.155247
 802	  621636324.5175886154	 62.163638	1555583.8299983928	0.155558
 803	  623195025.7500519753	 62.319508	1558701.2324633196	0.155870
 804	  624756850.6322797537	 62.475691	1561824.8822277752	0.156183
 805	  626321805.4240911007	 62.632186	1564954.7918113978	0.156495
 806	  627889896.3978500366	 62.788995	1568090.9737589157	0.156809
 807	  629461129.8384902477	 62.946119	1571233.4406401960	0.157123
 808	  631035512.0435405970	 63.103557	1574382.2050502966	0.157438
 809	  632613049.3231501579	 63.261311	1577537.2796095156	0.157754
 810	  634193748.0001136065	 63.419381	1580698.6769634422	0.158070
 811	  635777614.4098966122	 63.577767	1583866.4097830083	0.158387
 812	  637364654.9006611109	 63.736471	1587040.4907645374	0.158704
 813	  638954875.8332909346	 63.895493	1590220.9326297971	0.159022
 814	  640548283.5814169645	 64.054834	1593407.7481260493	0.159341
 815	  642144884.5314431190	 64.214494	1596600.9500261014	0.159660
 816	  643744685.0825715065	 64.374474	1599800.5511283581	0.159980
 817	  645347691.6468284130	 64.534775	1603006.5642568721	0.160301
 818	  646953910.6490898132	 64.695397	1606219.0022613949	0.160622
 819	  648563348.5271072388	 64.856341	1609437.8780174297	0.160944
 820	  650176011.7315335274	 65.017607	1612663.2044262823	0.161266
 821	  651791906.7259486914	 65.179197	1615894.9944151125	0.161590
 822	  653411039.9868856668	 65.341110	1619133.2609369864	0.161913
 823	  655033418.0038565397	 65.503348	1622378.0169709283	0.162238
 824	  656659047.2793785334	 65.665911	1625629.2755219722	0.162563
 825	  658287934.3289997578	 65.828799	1628887.0496212149	0.162889
 826	  659920085.6813256741	 65.992015	1632151.3523258667	0.163215
 827	  661555507.8780449629	 66.155557	1635422.1967193051	0.163542
 828	  663194207.4739561081	 66.319427	1638699.5959111275	0.163870
 829	  664836191.0369932652	 66.483625	1641983.5630372018	0.164198
 830	  666481465.1482529640	 66.648153	1645274.1112597212	0.164527
 831	  668130036.4020202160	 66.813010	1648571.2537672557	0.164857
 832	  669781911.4057949781	 66.978197	1651875.0037748052	0.165188
 833	  671437096.7803188562	 67.143716	1655185.3745238530	0.165519
 834	  673095599.1596013308	 67.309566	1658502.3792824177	0.165850
 835	  674757425.1909464598	 67.475749	1661826.0313451078	0.166183
 836	  676422581.5349795818	 67.642264	1665156.3440331742	0.166516
 837	  678091074.8656741381	 67.809114	1668493.3306945635	0.166849
 838	  679762911.8703781366	 67.976297	1671837.0047039713	0.167184
 839	  681438099.2498409748	 68.143816	1675187.3794628971	0.167519
 840	  683116643.7182406187	 68.311671	1678544.4683996965	0.167854
 841	  684798552.0032103062	 68.479861	1681908.2849696358	0.168191
 842	  686483830.8458652496	 68.648389	1685278.8426549456	0.168528
 843	  688172487.0008301735	 68.817255	1688656.1549648754	0.168866
 844	  689864527.2362658978	 68.986459	1692040.2354357466	0.169204
 845	  691559958.3338968754	 69.156002	1695431.0976310088	0.169543
 846	  693258787.0890381336	 69.325885	1698828.7551412915	0.169883
 847	  694961020.3106225729	 69.496108	1702233.2215844605	0.170223
 848	  696666664.8212282658	 69.666673	1705644.5106056717	0.170564
 849	  698375727.4571056366	 69.837579	1709062.6358774265	0.170906
 850	  700088215.0682052374	 70.008828	1712487.6110996257	0.171249
 851	  701804134.5182048082	 70.180420	1715919.4499996249	0.171592
 852	  703523492.6845370531	 70.352356	1719358.1663322896	0.171936
 853	  705246296.4584170580	 70.524636	1722803.7738800496	0.172280
 854	  706972552.7448700666	 70.697262	1726256.2864529556	0.172626
 855	  708702268.4627587795	 70.870233	1729715.7178887331	0.172972
 856	  710435450.5448116064	 71.043551	1733182.0820528388	0.173318
 857	  712172105.9376500845	 71.217217	1736655.3928385158	0.173666
 858	  713912241.6018168926	 71.391231	1740135.6641668496	0.174014
 859	  715655864.5118037462	 71.565593	1743622.9099868233	0.174362
 860	  717402981.6560791731	 71.740305	1747117.1442753740	0.174712
 861	  719153600.0371166468	 71.915367	1750618.3810374490	0.175062
 862	  720907726.6714227200	 72.090779	1754126.6343060611	0.175413
 863	  722665368.5895650387	 72.266543	1757641.9181423457	0.175764
 864	  724426532.8362007141	 72.442660	1761164.2466356170	0.176116
 865	  726191226.4701040983	 72.619129	1764693.6339034238	0.176469
 866	  727959456.5641957521	 72.795952	1768230.0940916068	0.176823
 867	  729731230.2055701017	 72.973130	1771773.6413743554	0.177177
 868	  731506554.4955244064	 73.150662	1775324.2899542639	0.177532
 869	  733285436.5495867729	 73.328550	1778882.0540623888	0.177888
 870	  735067883.4975451231	 73.506795	1782446.9479583052	0.178245
 871	  736853902.4834753275	 73.685397	1786018.9859301655	0.178602
 872	  738643500.6657700539	 73.864357	1789598.1822947550	0.178960
 873	  740436685.2171676159	 74.043675	1793184.5513975502	0.179318
 874	  742233463.3247803450	 74.223353	1796778.1076127759	0.179678
 875	  744033842.1901237965	 74.403391	1800378.8653434627	0.180038
 876	  745837829.0291453600	 74.583790	1803986.8390215058	0.180399
 877	  747645431.0722531080	 74.764550	1807602.0431077213	0.180760
 878	  749456655.5643450022	 74.945672	1811224.4920919051	0.181122
 879	  751271509.7648378611	 75.127158	1814854.2004928908	0.181485
 880	  753090000.9476964474	 75.309007	1818491.1828586080	0.181849
 881	  754912136.4014625549	 75.491220	1822135.4537661402	0.182214
 882	  756737923.4292843342	 75.673799	1825787.0278217839	0.182579
 883	  758567369.3489454985	 75.856744	1829445.9196611061	0.182945
 884	  760400481.4928945303	 76.040055	1833112.1439490041	0.183311
 885	  762237267.2082742453	 76.223734	1836785.7153797634	0.183679
 886	  764077733.8569513559	 76.407780	1840466.6486771179	0.184047
 887	  765921888.8155456781	 76.592196	1844154.9585943066	0.184416
 888	  767769739.4754598141	 76.776981	1847850.6599141348	0.184785
 889	  769621293.2429088354	 76.962136	1851553.7674490327	0.185155
 890	  771476557.5389499664	 77.147663	1855264.2960411147	0.185526
 891	  773335539.7995121479	 77.333561	1858982.2605622394	0.185898
 892	  775198247.4754261971	 77.519832	1862707.6759140673	0.186271
 893	  777064688.0324543715	 77.706476	1866440.5570281236	0.186644
 894	  778934868.9513201714	 77.893494	1870180.9188658553	0.187018
 895	  780808797.7277388573	 78.080887	1873928.7764186927	0.187393
 896	  782686481.8724470139	 78.268655	1877684.1447081091	0.187768
 897	  784567928.9112327099	 78.456800	1881447.0387856807	0.188145
 898	  786453146.3849658966	 78.645322	1885217.4737331469	0.188522
 899	  788342141.8496283293	 78.834221	1888995.4646624718	0.188900
 900	  790234922.8763442039	 79.023499	1892781.0267159038	0.189278
 901	  792131497.0514101982	 79.213157	1896574.1750660357	0.189657
 902	  794031871.9763261080	 79.403194	1900374.9249158674	0.190038
 903	  795936055.2678250074	 79.593613	1904183.2914988650	0.190418
 904	  797844054.5579040051	 79.784413	1907999.2900790230	0.190800
 905	  799755877.4938548803	 79.975595	1911822.9359509246	0.191182
 906	  801671531.7382947206	 80.167160	1915654.2444398042	0.191565
 907	  803591024.9691963196	 80.359110	1919493.2309016075	0.191949
 908	  805514364.8799194098	 80.551444	1923339.9107230539	0.192334
 909	  807441559.1792410612	 80.744163	1927194.2993216973	0.192719
 910	  809372615.5913870335	 80.937269	1931056.4121459892	0.193106
 911	  811307541.8560624123	 81.130762	1934926.2646753399	0.193493
 912	  813246345.7284826040	 81.324642	1938803.8724201804	0.193880
 913	  815189034.9794046879	 81.518911	1942689.2509220245	0.194269
 914	  817135617.3951581717	 81.713569	1946582.4157535315	0.194658
 915	  819086100.7776767015	 81.908617	1950483.3825185685	0.195048
 916	  821040492.9445289373	 82.104057	1954392.1668522730	0.195439
 917	  822998801.7289500237	 82.299888	1958308.7844211154	0.195831
 918	  824961034.9798729420	 82.496111	1962233.2509229614	0.196223
 919	  826927200.5619601011	 82.692728	1966165.5820871356	0.196617
 920	  828897306.3556345701	 82.889738	1970105.7936744848	0.197011
 921	  830871360.2571120262	 83.087144	1974053.9014774396	0.197405
 922	  832849370.1784321070	 83.284945	1978009.9213200798	0.197801
 923	  834831344.0474903584	 83.483142	1981973.8690581962	0.198197
 924	  836817289.8080697060	 83.681737	1985945.7605793548	0.198595
 925	  838807215.4198726416	 83.880729	1989925.6118029610	0.198993
 926	  840801128.8585529327	 84.080120	1993913.4386803214	0.199391
 927	  842799038.1157476902	 84.279911	1997909.2571947109	0.199791
 928	  844800951.1991090775	 84.480103	2001913.0833614336	0.200191
 929	  846806876.1323369741	 84.680695	2005924.9332278892	0.200593
 930	  848816820.9552105665	 84.881690	2009944.8228736366	0.200995
 931	  850830793.7236210108	 85.083087	2013972.7684104575	0.201397
 932	  852848802.5096033812	 85.284888	2018008.7859824223	0.201801
 933	  854870855.4013693333	 85.487093	2022052.8917659542	0.202205
 934	  856896960.5033391714	 85.689704	2026105.1019698940	0.202611
 935	  858927125.9361747503	 85.892720	2030165.4328355649	0.203017
 936	  860961359.8368115425	 86.096144	2034233.9006368387	0.203423
 937	  862999670.3584917784	 86.299975	2038310.5216801991	0.203831
 938	  865042065.6707966328	 86.504214	2042395.3123048088	0.204240
 939	  867088553.9596792459	 86.708863	2046488.2888825741	0.204649
 940	  869139143.4274975061	 86.913922	2050589.4678182104	0.205059
 941	  871193842.2930468321	 87.119392	2054698.8655493089	0.205470
 942	  873252658.7915931940	 87.325274	2058816.4985464017	0.205882
 943	  875315601.1749062538	 87.531568	2062942.3833130279	0.206294
 944	  877382677.7112920284	 87.738276	2067076.5363857995	0.206708
 945	  879453896.6856265068	 87.945398	2071218.9743344684	0.207122
 946	  881529266.3993885517	 88.152935	2075369.7137619923	0.207537
 947	  883608795.1706931591	 88.360888	2079528.7713046016	0.207953
 948	  885692491.3343250751	 88.569257	2083696.1636318653	0.208370
 949	  887780363.2417718172	 88.778044	2087871.9074467588	0.208787
 950	  889872419.2612575293	 88.987250	2092056.0194857302	0.209206
 951	  891968667.7777762413	 89.196875	2096248.5165187677	0.209625
 952	  894069117.1931257248	 89.406920	2100449.4153494667	0.210045
 953	  896173775.9259408712	 89.617386	2104658.7328150966	0.210466
 954	  898282652.4117275476	 89.828273	2108876.4857866704	0.210888
 955	  900395755.1028965712	 90.039584	2113102.6911690081	0.211310
 956	  902513092.4687973261	 90.251317	2117337.3659008099	0.211734
 957	  904634672.9957520962	 90.463475	2121580.5269547193	0.212158
 958	  906760505.1870894432	 90.676059	2125832.1913373941	0.212583
 959	  908890597.5631790161	 90.889068	2130092.3760895734	0.213009
 960	  911024958.6614651680	 91.102504	2134361.0982861454	0.213436
 961	  913163597.0365014076	 91.316368	2138638.3750362177	0.213864
 962	  915306521.2599846125	 91.530660	2142924.2234831844	0.214292
 963	  917453739.9207893610	 91.745382	2147218.6608047942	0.214722
 964	  919605261.6250026226	 91.960534	2151521.7042132206	0.215152
 965	  921761094.9959577322	 92.176118	2155833.3709551310	0.215583
 966	  923921248.6742694378	 92.392133	2160153.6783117545	0.216015
 967	  926085731.3178683519	 92.608582	2164482.6435989523	0.216448
 968	  928254551.6020356417	 92.825464	2168820.2841672869	0.216882
 969	  930427718.2194377184	 93.042780	2173166.6174020912	0.217317
 970	  932605239.8801612854	 93.260532	2177521.6607235381	0.217752
 971	  934787125.3117480278	 93.478721	2181885.4315867112	0.218189
 972	  936973383.2592296600	 93.697347	2186257.9474816746	0.218626
 973	  939164022.4851632118	 93.916411	2190639.2259335415	0.219064
 974	  941359051.7696657181	 94.135914	2195029.2845025468	0.219503
 975	  943558479.9104498625	 94.355857	2199428.1407841151	0.219943
 976	  945762315.7228587866	 94.576240	2203835.8124089330	0.220384
 977	  947970568.0399018526	 94.797065	2208252.3170430190	0.220825
 978	  950183245.7122896910	 95.018333	2212677.6723877946	0.221268
 979	  952400357.6084698439	 95.240044	2217111.8961801548	0.221711
 980	  954621912.6146624088	 95.462200	2221555.0061925403	0.222156
 981	  956847919.6348954439	 95.684801	2226007.0202330062	0.222601
 982	  959078387.5910407305	 95.907847	2230467.9561452968	0.223047
 983	  961313325.4228496552	 96.131341	2234937.8318089144	0.223494
 984	  963552742.0879888535	 96.355283	2239416.6651391927	0.223942
 985	  965796646.5620762110	 96.579673	2243904.4740873673	0.224390
 986	  968045047.8387168646	 96.804514	2248401.2766406485	0.224840
 987	  970297954.9295392036	 97.029804	2252907.0908222930	0.225291
 988	  972555376.8642308712	 97.255546	2257421.9346916764	0.225742
 989	  974817322.6905752420	 97.481741	2261945.8263443653	0.226195
 990	  977083801.4744874239	 97.708389	2266478.7839121898	0.226648
 991	  979354822.3000507355	 97.935491	2271020.8255633162	0.227102
 992	  981630394.2695530653	 98.163048	2275571.9695023210	0.227557
 993	  983910526.5035233498	 98.391062	2280132.2339702612	0.228013
 994	  986195228.1407680511	 98.619532	2284701.6372447507	0.228470
 995	  988484508.3384081125	 98.848460	2289280.1976400306	0.228928
 996	  990778376.2719151974	 99.077847	2293867.9335070448	0.229387
 997	  993076841.1351487637	 99.307693	2298464.8632335118	0.229847
 998	  995379912.1403927803	 99.538000	2303071.0052439999	0.230307
 999	  997687598.5183928013	 99.768769	2307686.3780000000	0.230769
1000	  999999909.5183928013	100.000000	2312311.0000000000	0.231231
